{
  "H_mitigated": [
    -0.004487818933575829,
    0.14495258103723066,
    0.09150873051042584,
    -0.033045759933666194,
    0.026751329194226695,
    0.11223671402655812,
    -0.013318133200926285,
    0.07080437608112071,
    0.040342753663371415,
    0.06672588297569251,
    0.088258551796289,
    0.021359250338109884,
    0.08245822452971568,
    0.09187693729320331,
    0.10520581973718797,
    0.07360381481994288,
    0.0944903309281823,
    0.06789302239643094,
    0.09393616710971889,
    0.04043357744138543
  ],
  "Hsq_mitigated": [
    2.6400701008239786,
    2.5695489439374026,
    2.617565209844896,
    2.5040664123108636,
    2.597775374837012,
    2.596640013940554,
    2.5318229667728835,
    2.5948706631470664,
    2.666920075649832,
    2.5550621064321897,
    2.528326763151966,
    2.5888494555364776,
    2.489162803015652,
    2.6175615543919064,
    2.612798991288159,
    2.5703226725480346,
    2.618901998417779,
    2.5100482513469196,
    2.520955121086582,
    2.5166948173794044
  ],
  "H_raw": [
    0.1532828325630099,
    0.1518111631395411,
    0.1430294737514329,
    0.13602185625143215,
    0.12900317298948114,
    0.15672199592546132,
    0.16900413584994478,
    0.14848450274980138,
    0.11812325310412489,
    0.12676628529043324,
    0.10886039319314875,
    0.17351176356892672,
    0.16948834711314817,
    0.15538710613234855,
    0.14743206743715132,
    0.13080214838369733,
    0.11234302200877766,
    0.1671366848594972,
    0.12031723918970202,
    0.11277252640896294
  ],
  "Hsq_raw": [
    2.573740457103779,
    2.5689951235857613,
    2.6491759296859256,
    2.5795514948866294,
    2.6131027069553245,
    2.5126178192229696,
    2.5491696985703185,
    2.5876725555277136,
    2.5476822924605016,
    2.637581479547043,
    2.6156935015930936,
    2.686102422280649,
    2.5884426545109664,
    2.6694579048453027,
    2.6262820705060963,
    2.5847142200605124,
    2.579005572110497,
    2.5688778533993375,
    2.5696923570858643,
    2.6619910099656328
  ]
}