{
  "config": {
    "eps_opt": 0.05,
    "n_steps": 10,
    "ceiling_offset": 6,
    "n_restarts": 50
  },
  "results": {
    "4,2.5": [
      2.4,
      0.6992058987801011,
      3,
      10,
      true
    ],
    "4,0.5": [
      1.7,
      0.6749485577105528,
      3,
      10,
      true
    ],
    "6,0.5": [
      2.4444444444444446,
      1.2360330811826103,
      4,
      9,
      true
    ],
    "8,0.5": [
      2.6,
      2.3021728866442674,
      6,
      5,
      true
    ],
    "4,1.5": [
      2.3,
      0.6749485577105528,
      3,
      10,
      true
    ]
  }
}